,open,high,low,close,tick_volume,EMA_Fast,EMA_Slow,Signal,SL,TP
2026-03-31 22:36:00,1.15547,1.15549,1.15542,1.15548,15.0,1.15548,1.15548,0,,
2026-03-31 22:37:00,1.15548,1.15563,1.15548,1.15559,16.0,1.155502,1.15549,1,1.15443441,1.1579011799999999
2026-03-31 22:38:00,1.15561,1.15578,1.15561,1.15577,24.0,1.1555556,1.1555154545454545,0,,
2026-03-31 22:39:00,1.15577,1.15578,1.15572,1.15578,15.0,1.15560048,1.1555395041322312,0,,
2026-03-31 22:40:00,1.15578,1.15579,1.15577,1.15579,7.0,1.155638384,1.1555622764838465,0,,
2026-03-31 22:41:00,1.15579,1.15579,1.15568,1.1557,20.0,1.1556507072,1.1555747968034968,0,,
2026-03-31 22:42:00,1.1557,1.15573,1.15569,1.15573,8.0,1.15566656576,1.155588906184997,0,,
2026-03-31 22:43:00,1.15573,1.15573,1.15567,1.15569,13.0,1.1556712526080002,1.1555980965318156,0,,
2026-03-31 22:44:00,1.15569,1.15573,1.15567,1.15567,7.0,1.1556710020864003,1.1556046332107415,0,,
2026-03-31 22:45:00,1.15567,1.15567,1.15552,1.15557,11.0,1.1556508016691203,1.1556014847370375,0,,
2026-03-31 22:46:00,1.15557,1.15562,1.15557,1.15559,12.0,1.1556386413352961,1.155600440670034,0,,
2026-03-31 22:47:00,1.15559,1.15566,1.15559,1.15566,12.0,1.1556429130682369,1.1556058551545763,0,,
2026-03-31 22:48:00,1.15565,1.15572,1.15565,1.15572,21.0,1.1556583304545895,1.1556162319587058,0,,
2026-03-31 22:49:00,1.15572,1.15582,1.15572,1.15579,15.0,1.1556846643636718,1.1556320290533688,0,,
2026-03-31 22:50:00,1.15579,1.15579,1.15577,1.15577,6.0,1.1557017314909375,1.1556445718666988,0,,
2026-03-31 22:51:00,1.15577,1.15577,1.15576,1.15577,3.0,1.15571538519275,1.1556559744242716,0,,
2026-03-31 22:52:00,1.15577,1.15578,1.15577,1.15577,3.0,1.1557263081542,1.1556663403857015,0,,
2026-03-31 22:53:00,1.15577,1.15578,1.15571,1.15573,13.0,1.15572704652336,1.1556721276233648,0,,
2026-03-31 22:54:00,1.15572,1.15577,1.15572,1.15577,6.0,1.155735637218688,1.1556810251121499,0,,
2026-03-31 22:55:00,1.15577,1.15578,1.15573,1.15577,6.0,1.1557425097749505,1.155689113738318,0,,
2026-03-31 22:56:00,1.15577,1.15583,1.15577,1.15582,9.0,1.1557580078199605,1.15570101248938,0,,
2026-03-31 22:57:00,1.15582,1.15589,1.15582,1.15589,10.0,1.1557844062559686,1.1557181931721636,0,,
2026-03-31 22:58:00,1.15589,1.15589,1.1558,1.15582,11.0,1.155791525004775,1.1557274483383304,0,,
2026-03-31 22:59:00,1.15582,1.15582,1.1558,1.15582,6.0,1.1557972200038202,1.1557358621257547,0,,
2026-03-31 23:00:00,1.15582,1.15584,1.15581,1.15584,10.0,1.1558057760030562,1.1557453292052315,0,,
2026-03-31 23:01:00,1.15584,1.15587,1.15574,1.15582,31.0,1.155808620802445,1.1557521174593013,0,,
2026-03-31 23:02:00,1.15581,1.15582,1.1558,1.15582,14.0,1.155810896641956,1.1557582885993647,0,,
2026-03-31 23:03:00,1.15582,1.15583,1.15567,1.15568,20.0,1.155784717313565,1.1557511714539679,0,,
2026-03-31 23:04:00,1.15567,1.15572,1.15567,1.15572,9.0,1.155771773850852,1.1557483376854254,0,,
2026-03-31 23:05:00,1.15572,1.15572,1.15567,1.15571,15.0,1.1557594190806817,1.1557448524412957,0,,
2026-03-31 23:06:00,1.15571,1.15587,1.15571,1.15584,19.0,1.1557755352645454,1.1557535022193597,0,,
2026-03-31 23:07:00,1.15584,1.15597,1.15584,1.15597,10.0,1.1558144282116363,1.1557731838357816,0,,
2026-03-31 23:08:00,1.15597,1.15599,1.15594,1.15594,10.0,1.155839542569309,1.1557883489416196,0,,
2026-03-31 23:09:00,1.15595,1.15598,1.15595,1.15596,4.0,1.1558636340554473,1.1558039535832905,0,,
2026-03-31 23:10:00,1.15596,1.15606,1.15596,1.15601,18.0,1.155892907244358,1.1558226850757185,0,,
2026-03-31 23:11:00,1.15601,1.15601,1.15581,1.15582,21.0,1.1558783257954865,1.1558224409779259,0,,
2026-03-31 23:12:00,1.15582,1.1559,1.15582,1.1559,9.0,1.1558826606363892,1.1558294917981145,0,,
2026-03-31 23:13:00,1.15588,1.15602,1.15587,1.15602,19.0,1.1559101285091113,1.1558468107255586,0,,
2026-03-31 23:14:00,1.15602,1.15605,1.15602,1.15605,4.0,1.1559381028072893,1.1558652824777804,0,,
2026-03-31 23:15:00,1.15605,1.15612,1.156,1.1561,21.0,1.1559704822458314,1.1558866204343459,0,,
2026-03-31 23:16:00,1.1561,1.15627,1.1561,1.15627,21.0,1.1560303857966652,1.1559214731221326,0,,
2026-03-31 23:17:00,1.15626,1.15627,1.15618,1.15624,19.0,1.1560723086373321,1.1559504301110295,0,,
2026-03-31 23:18:00,1.15625,1.15629,1.15619,1.1562,19.0,1.1560978469098657,1.155973118282754,0,,
2026-03-31 23:19:00,1.15618,1.15627,1.15618,1.15625,18.0,1.1561282775278927,1.1559982893479581,0,,
2026-03-31 23:20:00,1.15625,1.15627,1.15622,1.15624,16.0,1.1561506220223143,1.1560202630435983,0,,
2026-03-31 23:21:00,1.15624,1.1563,1.15624,1.15629,14.0,1.1561784976178515,1.1560447845850892,0,,
2026-03-31 23:22:00,1.15629,1.15635,1.15627,1.15627,18.0,1.1561967980942813,1.1560652587137172,0,,
2026-03-31 23:23:00,1.15627,1.15633,1.15625,1.15632,15.0,1.1562214384754252,1.1560884170124703,0,,
2026-03-31 23:24:00,1.15632,1.15646,1.15628,1.15643,26.0,1.1562631507803403,1.1561194700113366,0,,
2026-03-31 23:25:00,1.15644,1.15668,1.15641,1.15666,30.0,1.1563425206242723,1.156168609101215,0,,
2026-03-31 23:26:00,1.15667,1.1567,1.15663,1.1567,13.0,1.1564140164994179,1.156216917364741,0,,
2026-03-31 23:27:00,1.15671,1.15676,1.15663,1.15663,25.0,1.1564572131995345,1.1562544703315827,0,,
2026-03-31 23:28:00,1.15663,1.15668,1.15662,1.15663,16.0,1.1564917705596276,1.156288609392348,0,,
2026-03-31 23:29:00,1.15663,1.15664,1.15659,1.1566,14.0,1.1565134164477022,1.1563169176294072,0,,
2026-03-31 23:30:00,1.15658,1.15658,1.15652,1.15656,18.0,1.1565227331581618,1.156339016026734,0,,
2026-03-31 23:31:00,1.15656,1.15659,1.1565,1.1565,17.0,1.1565181865265295,1.1563536509333945,0,,
2026-03-31 23:32:00,1.1565,1.15655,1.15645,1.15648,21.0,1.1565105492212235,1.1563651372121766,0,,
2026-03-31 23:33:00,1.15648,1.15659,1.15647,1.15659,22.0,1.1565264393769787,1.156385579283797,0,,
2026-03-31 23:34:00,1.1566,1.15669,1.15656,1.15666,19.0,1.156553151501583,1.1564105266216336,0,,
2026-03-31 23:35:00,1.15666,1.15666,1.1565,1.15652,17.0,1.1565465212012664,1.1564204787469397,0,,
2026-03-31 23:36:00,1.15653,1.15661,1.1565,1.15659,22.0,1.1565552169610132,1.1564358897699452,0,,
2026-03-31 23:37:00,1.15659,1.15659,1.15649,1.15649,14.0,1.1565421735688106,1.1564408088817684,0,,
2026-03-31 23:38:00,1.15649,1.15656,1.15649,1.15653,17.0,1.1565397388550487,1.1564489171652441,0,,
2026-03-31 23:39:00,1.15653,1.15663,1.15653,1.1566,15.0,1.156551791084039,1.1564626519684038,0,,
2026-03-31 23:40:00,1.1566,1.15663,1.15654,1.15654,18.0,1.1565494328672312,1.1564696836076398,0,,
2026-03-31 23:41:00,1.15654,1.15658,1.15653,1.15656,9.0,1.156551546293785,1.1564778941887635,0,,
2026-03-31 23:42:00,1.15653,1.15653,1.15647,1.15648,6.0,1.156537237035028,1.1564780856261485,0,,
2026-03-31 23:43:00,1.15648,1.15658,1.15648,1.15657,16.0,1.1565437896280224,1.1564864414783167,0,,
2026-03-31 23:44:00,1.15657,1.15658,1.15653,1.15655,15.0,1.156545031702418,1.1564922195257423,0,,
2026-03-31 23:45:00,1.15655,1.15656,1.15647,1.1565,18.0,1.1565360253619343,1.1564929268415838,0,,
2026-03-31 23:46:00,1.15651,1.15662,1.1565,1.1566,14.0,1.1565488202895475,1.1565026607650761,0,,
2026-03-31 23:47:00,1.15662,1.15669,1.15662,1.15664,19.0,1.156567056231638,1.1565151461500691,0,,
2026-03-31 23:48:00,1.15663,1.15667,1.15661,1.15663,8.0,1.1565796449853103,1.1565255874091538,0,,
2026-03-31 23:49:00,1.15663,1.15675,1.15662,1.15674,22.0,1.1566117159882483,1.156545079462867,0,,
2026-03-31 23:50:00,1.15674,1.15695,1.15674,1.15689,46.0,1.1566673727905987,1.1565764358753337,0,,
2026-03-31 23:51:00,1.15689,1.15699,1.15686,1.15686,48.0,1.1567058982324792,1.1566022144321215,0,,
2026-03-31 23:52:00,1.15688,1.157,1.15685,1.15691,30.0,1.1567467185859834,1.1566301949382922,0,,
2026-03-31 23:53:00,1.15691,1.15703,1.15689,1.15696,49.0,1.1567893748687867,1.1566601772166292,0,,
2026-03-31 23:54:00,1.15696,1.157,1.15688,1.157,32.0,1.1568314998950295,1.1566910701969357,0,,
2026-03-31 23:55:00,1.157,1.15727,1.15699,1.15719,52.0,1.1569031999160238,1.1567364274517598,0,,
2026-03-31 23:56:00,1.15719,1.15726,1.15718,1.15724,28.0,1.156970559932819,1.156782206774327,0,,
2026-03-31 23:57:00,1.15724,1.15736,1.1572,1.15736,40.0,1.1570484479462553,1.1568347334312064,0,,
2026-03-31 23:58:00,1.15736,1.15741,1.15731,1.15738,35.0,1.1571147583570043,1.1568843031192786,0,,
2026-03-31 23:59:00,1.15738,1.15743,1.15733,1.15736,21.0,1.1571638066856034,1.1569275482902532,0,,
2026-04-01 00:00:00,1.15735,1.15735,1.15693,1.15704,83.0,1.1571390453484827,1.1569377711729574,0,,
2026-04-01 00:01:00,1.15704,1.15711,1.15699,1.15699,55.0,1.157109236278786,1.156942519248143,0,,
2026-04-01 00:02:00,1.15699,1.15705,1.1569,1.15697,70.0,1.157081389023029,1.1569450174983118,0,,
2026-04-01 00:03:00,1.15697,1.1572,1.15697,1.15719,62.0,1.1571031112184231,1.156967288634829,0,,
2026-04-01 00:04:00,1.15719,1.1573,1.15717,1.1573,47.0,1.1571424889747386,1.1569975351225716,0,,
2026-04-01 00:05:00,1.1573,1.15734,1.15724,1.15726,33.0,1.157165991179791,1.1570213955659743,0,,
2026-04-01 00:06:00,1.15727,1.1574,1.15724,1.15732,36.0,1.1571967929438327,1.157048541423613,0,,
2026-04-01 00:07:00,1.15732,1.15733,1.15718,1.15728,35.0,1.1572134343550662,1.1570695831123754,0,,
2026-04-01 00:08:00,1.15729,1.15735,1.15726,1.15732,35.0,1.157234747484053,1.1570923482839774,0,,
2026-04-01 00:09:00,1.15733,1.15734,1.15722,1.15723,26.0,1.1572337979872425,1.1571048620763429,0,,
2026-04-01 00:10:00,1.15723,1.15723,1.15714,1.15715,21.0,1.157217038389794,1.157108965523948,0,,
2026-04-01 00:11:00,1.15715,1.15724,1.15706,1.15715,44.0,1.1572036307118352,1.1571126959308617,0,,
2026-04-01 00:12:00,1.15716,1.15727,1.15714,1.15724,23.0,1.1572109045694683,1.157124269028056,0,,
2026-04-01 00:13:00,1.15724,1.15733,1.15722,1.1573,21.0,1.1572287236555747,1.15714024457096,0,,
2026-04-01 00:14:00,1.1573,1.15736,1.15728,1.15733,23.0,1.1572489789244598,1.1571574950645092,0,,
2026-04-01 00:15:00,1.15734,1.15776,1.15732,1.15772,63.0,1.157343183139568,1.1572086318768264,0,,
2026-04-01 00:16:00,1.15769,1.15779,1.15767,1.15768,48.0,1.1574105465116544,1.1572514835243877,0,,
2026-04-01 00:17:00,1.15768,1.15779,1.15766,1.15776,30.0,1.1574804372093235,1.1572977122948978,0,,
2026-04-01 00:18:00,1.15777,1.15784,1.1577,1.1577,43.0,1.1575243497674588,1.1573342839044525,0,,
2026-04-01 00:19:00,1.15768,1.1578,1.15766,1.15766,30.0,1.157551479813967,1.1573638944585931,0,,
2026-04-01 00:20:00,1.15767,1.15775,1.15765,1.15768,35.0,1.1575771838511737,1.1573926313259937,0,,
2026-04-01 00:21:00,1.15768,1.15768,1.15761,1.15765,17.0,1.157591747080939,1.157416028478176,0,,
2026-04-01 00:22:00,1.15765,1.15765,1.15749,1.15763,53.0,1.1575993976647512,1.1574354804347056,0,,
2026-04-01 00:23:00,1.15762,1.15769,1.15759,1.15764,28.0,1.157607518131801,1.1574540731224596,0,,
2026-04-01 00:24:00,1.15765,1.15767,1.15757,1.15759,29.0,1.157604014505441,1.1574664301113269,0,,
2026-04-01 00:25:00,1.15759,1.15761,1.1575,1.15755,32.0,1.1575932116043528,1.1574740273739335,0,,
2026-04-01 00:26:00,1.15755,1.15755,1.15746,1.15751,30.0,1.1575765692834823,1.1574772976126666,0,,
2026-04-01 00:27:00,1.15751,1.15751,1.1574,1.15745,33.0,1.157551255426786,1.1574748160115151,0,,
2026-04-01 00:28:00,1.15745,1.15754,1.15745,1.15754,27.0,1.1575490043414287,1.1574807418286501,0,,
2026-04-01 00:29:00,1.15754,1.15765,1.15753,1.15763,23.0,1.1575652034731432,1.1574943107533184,0,,
2026-04-01 00:30:00,1.15765,1.15772,1.15764,1.15766,23.0,1.1575841627785146,1.1575093734121076,0,,
2026-04-01 00:31:00,1.15766,1.15769,1.15759,1.15759,18.0,1.1575853302228118,1.157516703101916,0,,
2026-04-01 00:32:00,1.15758,1.15762,1.15752,1.15756,32.0,1.1575802641782496,1.15752063918356,0,,
2026-04-01 00:33:00,1.15757,1.1576,1.15752,1.1576,30.0,1.1575842113425996,1.1575278538032363,0,,
2026-04-01 00:34:00,1.1576,1.15763,1.15758,1.15759,18.0,1.1575853690740798,1.1575335034574876,0,,
2026-04-01 00:35:00,1.15759,1.15762,1.15752,1.15762,24.0,1.1575922952592639,1.1575413667795342,0,,
2026-04-01 00:36:00,1.15762,1.15762,1.15745,1.15745,39.0,1.1575638362074112,1.1575330607086676,0,,
2026-04-01 00:37:00,1.15745,1.15752,1.15741,1.15749,31.0,1.157549068965929,1.1575291460987887,0,,
2026-04-01 00:38:00,1.15749,1.15751,1.15747,1.15748,11.0,1.1575352551727431,1.157524678271626,0,,
2026-04-01 00:39:00,1.15748,1.15764,1.15748,1.15763,20.0,1.1575542041381945,1.1575342529742054,0,,
2026-04-01 00:40:00,1.15763,1.15771,1.15756,1.15771,21.0,1.1575853633105557,1.1575502299765503,0,,
2026-04-01 00:41:00,1.15772,1.15772,1.15763,1.15764,14.0,1.1575962906484447,1.157558390887773,0,,
2026-04-01 00:42:00,1.15764,1.15765,1.1576,1.15763,11.0,1.1576030325187558,1.1575649008070663,0,,
2026-04-01 00:43:00,1.15765,1.1577,1.15759,1.1576,12.0,1.1576024260150046,1.1575680916427875,0,,
2026-04-01 00:44:00,1.1576,1.15765,1.15758,1.15759,27.0,1.1575999408120037,1.157570083311625,0,,
2026-04-01 00:45:00,1.15759,1.15762,1.15741,1.15748,40.0,1.157575952649603,1.157561893919659,0,,
2026-04-01 00:46:00,1.15748,1.1575,1.15734,1.15734,26.0,1.1575287621196826,1.1575417217451445,-1,1.1584973399999998,1.15502532
2026-04-01 00:47:00,1.15734,1.15745,1.1573,1.15743,32.0,1.157509009695746,1.1575315652228586,0,,
2026-04-01 00:48:00,1.15742,1.15743,1.15734,1.15734,36.0,1.157475207756597,1.1575141502025987,0,,
2026-04-01 00:49:00,1.15733,1.15736,1.15721,1.15721,25.0,1.1574221662052777,1.1574865001841808,0,,
2026-04-01 00:50:00,1.15722,1.15736,1.15722,1.1573,25.0,1.1573977329642222,1.1574695456219823,0,,
2026-04-01 00:51:00,1.1573,1.15742,1.15724,1.15729,40.0,1.1573761863713778,1.1574532232927113,0,,
2026-04-01 00:52:00,1.15729,1.15729,1.15711,1.15711,41.0,1.1573229490971024,1.157422021175192,0,,
2026-04-01 00:53:00,1.15711,1.15721,1.15708,1.15716,28.0,1.157290359277682,1.1573982010683561,0,,
2026-04-01 00:54:00,1.15715,1.15744,1.1571,1.15739,81.0,1.1573102874221457,1.1573974555166873,0,,
2026-04-01 00:55:00,1.15742,1.15752,1.15729,1.15731,35.0,1.1573102299377167,1.1573895050151701,0,,
2026-04-01 00:56:00,1.1573,1.15731,1.15722,1.15723,16.0,1.1572941839501734,1.1573750045592455,0,,
2026-04-01 00:57:00,1.15721,1.15732,1.15719,1.1573,35.0,1.1572953471601388,1.1573681859629503,0,,
2026-04-01 00:58:00,1.15731,1.1575,1.15726,1.15746,37.0,1.157328277728111,1.1573765326935912,0,,
2026-04-01 00:59:00,1.15745,1.15749,1.15739,1.1574,42.0,1.157342622182489,1.1573786660850829,0,,
2026-04-01 01:00:00,1.1574,1.15755,1.15698,1.15713,139.0,1.157300097745991,1.157356060077348,0,,
2026-04-01 01:01:00,1.1571,1.1571,1.15662,1.15674,120.0,1.157188078196793,1.157300054615771,0,,
2026-04-01 01:02:00,1.15673,1.15684,1.1567,1.15673,69.0,1.1570964625574345,1.1572482314688828,0,,
2026-04-01 01:03:00,1.15674,1.15676,1.15633,1.15635,74.0,1.1569471700459477,1.1571665740626207,0,,
2026-04-01 01:04:00,1.15634,1.15638,1.1562,1.15621,73.0,1.1567997360367581,1.1570796127842007,0,,
2026-04-01 01:05:00,1.15621,1.15627,1.15593,1.15599,68.0,1.1566377888294066,1.156980557076546,0,,
2026-04-01 01:06:00,1.15599,1.15601,1.15566,1.15588,101.0,1.1564862310635253,1.1568805064332235,0,,
2026-04-01 01:07:00,1.1559,1.15621,1.15588,1.15605,91.0,1.1563989848508203,1.156805005848385,0,,
2026-04-01 01:08:00,1.15605,1.15619,1.15593,1.15614,72.0,1.1563471878806562,1.156744550771259,0,,
2026-04-01 01:09:00,1.15616,1.15631,1.15616,1.15627,67.0,1.156331750304525,1.1567014097920536,0,,
2026-04-01 01:10:00,1.15624,1.15641,1.15615,1.15641,44.0,1.15634740024362,1.1566749179927758,0,,
2026-04-01 01:11:00,1.15641,1.15646,1.1563,1.15637,49.0,1.1563519201948962,1.1566471981752506,0,,
2026-04-01 01:12:00,1.15637,1.15638,1.15625,1.15634,47.0,1.156349536155917,1.1566192710684096,0,,
2026-04-01 01:13:00,1.15636,1.1565,1.15628,1.15645,53.0,1.1563696289247338,1.1566038827894631,0,,
2026-04-01 01:14:00,1.15646,1.15653,1.1564,1.15653,29.0,1.156401703139787,1.1565971661722392,0,,
2026-04-01 01:15:00,1.15651,1.15651,1.15622,1.15622,64.0,1.1563653625118298,1.1565628783383992,0,,
2026-04-01 01:16:00,1.15624,1.15635,1.15616,1.15617,63.0,1.1563262900094637,1.1565271621258173,0,,
2026-04-01 01:17:00,1.15617,1.15632,1.15611,1.15617,58.0,1.156295032007571,1.156494692841652,0,,
2026-04-01 01:18:00,1.15617,1.15628,1.15611,1.15613,39.0,1.156262025606057,1.1564615389469561,0,,
2026-04-01 01:19:00,1.15613,1.15625,1.15608,1.15611,52.0,1.1562316204848455,1.1564295808608693,0,,
2026-04-01 01:20:00,1.15612,1.15632,1.156,1.15601,77.0,1.1561872963878765,1.1563914371462447,0,,
2026-04-01 01:21:00,1.15601,1.15601,1.15575,1.15577,51.0,1.1561038371103014,1.1563349428602223,0,,
2026-04-01 01:22:00,1.15579,1.15593,1.15579,1.15583,51.0,1.1560490696882413,1.1562890389638385,0,,
2026-04-01 01:23:00,1.15583,1.15591,1.1558,1.15588,41.0,1.1560152557505932,1.1562518536034896,0,,
2026-04-01 01:24:00,1.15588,1.15593,1.15583,1.15583,33.0,1.1559782046004745,1.1562135032758998,0,,
2026-04-01 01:25:00,1.15586,1.15602,1.15584,1.15602,55.0,1.1559865636803797,1.1561959120689997,0,,
2026-04-01 01:26:00,1.15602,1.15618,1.156,1.15611,36.0,1.1560112509443037,1.1561881018809088,0,,
2026-04-01 01:27:00,1.1561,1.15625,1.1561,1.15622,40.0,1.156053000755443,1.156191001709917,0,,
2026-04-01 01:28:00,1.15622,1.15628,1.15613,1.15628,38.0,1.1560984006043546,1.156199092463561,0,,
2026-04-01 01:29:00,1.15628,1.15636,1.15624,1.15632,39.0,1.1561427204834838,1.1562100840577827,0,,
2026-04-01 01:30:00,1.1563,1.15651,1.1563,1.15639,62.0,1.156192176386787,1.1562264400525297,0,,
2026-04-01 01:31:00,1.15639,1.15646,1.15626,1.15628,48.0,1.1562097411094299,1.1562313091386633,0,,
2026-04-01 01:32:00,1.15629,1.1563,1.15606,1.15606,44.0,1.156179792887544,1.1562157355806029,0,,
2026-04-01 01:33:00,1.15607,1.15621,1.15605,1.1562,52.0,1.1561838343100352,1.1562143050732752,0,,
2026-04-01 01:34:00,1.1562,1.1562,1.15599,1.15601,40.0,1.1561490674480281,1.1561957318847955,0,,
2026-04-01 01:35:00,1.15603,1.15607,1.15587,1.15589,59.0,1.1560972539584227,1.1561679380770868,0,,
2026-04-01 01:36:00,1.15591,1.15595,1.15565,1.15567,51.0,1.1560118031667381,1.1561226709791699,0,,
2026-04-01 01:37:00,1.15567,1.15583,1.15566,1.15568,51.0,1.1559454425333906,1.1560824281628816,0,,
2026-04-01 01:38:00,1.15568,1.15572,1.15562,1.15566,34.0,1.1558883540267124,1.1560440256026197,0,,
2026-04-01 01:39:00,1.15565,1.15578,1.15565,1.15571,37.0,1.15585268322137,1.156013659638745,0,,
2026-04-01 01:40:00,1.15571,1.15572,1.15558,1.15559,35.0,1.155800146577096,1.1559751451261315,0,,
2026-04-01 01:41:00,1.1556,1.15561,1.15551,1.15551,26.0,1.1557421172616769,1.1559328592055742,0,,
2026-04-01 01:42:00,1.15553,1.15566,1.15553,1.15559,29.0,1.1557116938093415,1.1559016901868855,0,,
2026-04-01 01:43:00,1.1556,1.15567,1.15559,1.15562,31.0,1.1556933550474733,1.1558760819880778,0,,
2026-04-01 01:44:00,1.15562,1.15567,1.15556,1.15565,39.0,1.1556846840379786,1.1558555290800707,0,,
2026-04-01 01:45:00,1.15565,1.15567,1.15546,1.15552,49.0,1.1556517472303829,1.1558250264364278,0,,
2026-04-01 01:46:00,1.15552,1.15567,1.15552,1.15567,35.0,1.1556553977843063,1.1558109331240254,0,,
2026-04-01 01:47:00,1.15566,1.15584,1.15565,1.1558,29.0,1.155684318227445,1.1558099392036594,0,,
2026-04-01 01:48:00,1.15579,1.15582,1.15573,1.15582,32.0,1.1557114545819562,1.1558108538215084,0,,
2026-04-01 01:49:00,1.15582,1.15582,1.15567,1.15567,29.0,1.155703163665565,1.155798048928644,0,,
2026-04-01 01:50:00,1.15569,1.15572,1.15562,1.15571,28.0,1.155704530932452,1.1557900444805853,0,,
2026-04-01 01:51:00,1.15572,1.15572,1.15566,1.15568,22.0,1.1556996247459617,1.1557800404368956,0,,
2026-04-01 01:52:00,1.15568,1.15592,1.15568,1.15592,33.0,1.1557436997967694,1.1557927640335413,0,,
2026-04-01 01:53:00,1.15592,1.15609,1.15592,1.156,37.0,1.1557949598374155,1.1558116036668558,0,,
2026-04-01 01:54:00,1.156,1.15606,1.15596,1.15605,26.0,1.1558459678699324,1.155833276060778,1,1.15489395,1.1583621
2026-04-01 01:55:00,1.15605,1.15608,1.156,1.15604,22.0,1.155884774295946,1.1558520691461618,0,,
2026-04-01 01:56:00,1.15605,1.15607,1.15598,1.15599,31.0,1.1559058194367569,1.1558646083146924,0,,
2026-04-01 01:57:00,1.15598,1.15611,1.15597,1.15611,23.0,1.1559466555494056,1.1558869166497203,0,,
2026-04-01 01:58:00,1.15613,1.15616,1.15608,1.15609,26.0,1.1559753244395246,1.1559053787724731,0,,
2026-04-01 01:59:00,1.15609,1.15616,1.15608,1.15612,22.0,1.1560042595516198,1.1559248897931573,0,,
2026-04-01 02:00:00,1.15613,1.15627,1.15609,1.15609,43.0,1.1560214076412958,1.1559398998119612,0,,
2026-04-01 02:01:00,1.1561,1.15619,1.15602,1.15619,32.0,1.1560551261130367,1.155962636192692,0,,
2026-04-01 02:02:00,1.15618,1.15624,1.15615,1.15619,34.0,1.1560821008904294,1.15598330562972,0,,
2026-04-01 02:03:00,1.15619,1.15629,1.15614,1.15628,25.0,1.1561216807123436,1.1560102778452,0,,
2026-04-01 02:04:00,1.15629,1.15647,1.15625,1.15644,31.0,1.1561853445698749,1.1560493434956363,0,,
2026-04-01 02:05:00,1.15644,1.15659,1.15644,1.1565,30.0,1.1562482756559,1.1560903122687602,0,,
2026-04-01 02:06:00,1.1565,1.15659,1.1565,1.15656,22.0,1.15631062052472,1.1561330111534185,0,,
2026-04-01 02:07:00,1.15656,1.15656,1.15648,1.15654,16.0,1.1563564964197761,1.1561700101394714,0,,
2026-04-01 02:08:00,1.15654,1.15654,1.15645,1.1565,16.0,1.156385197135821,1.1562000092177012,0,,
2026-04-01 02:09:00,1.15649,1.1566,1.15647,1.15654,24.0,1.156416157708657,1.1562309174706373,0,,
2026-04-01 02:10:00,1.15653,1.15658,1.1565,1.1565,15.0,1.1564329261669255,1.1562553795187611,0,,
2026-04-01 02:11:00,1.1565,1.1565,1.1564,1.15643,22.0,1.1564323409335404,1.1562712541079645,0,,
2026-04-01 02:12:00,1.15643,1.15644,1.15635,1.15644,25.0,1.1564338727468324,1.156286594643604,0,,
2026-04-01 02:13:00,1.15643,1.15647,1.15636,1.1564,26.0,1.156427098197466,1.1562969042214581,0,,
2026-04-01 02:14:00,1.15641,1.15647,1.15641,1.15646,8.0,1.156433678557973,1.1563117311104165,0,,
2026-04-01 02:15:00,1.15646,1.15656,1.15642,1.15656,22.0,1.1564589428463785,1.1563343010094695,0,,
2026-04-01 02:16:00,1.15656,1.15662,1.15651,1.15662,30.0,1.1564911542771028,1.1563602736449723,0,,
2026-04-01 02:17:00,1.15661,1.15661,1.15655,1.1566,18.0,1.1565129234216822,1.156382066949975,0,,
2026-04-01 02:18:00,1.1566,1.1566,1.15654,1.15654,15.0,1.1565183387373459,1.1563964244999771,0,,
2026-04-01 02:19:00,1.15654,1.15656,1.15649,1.15655,18.0,1.1565246709898767,1.15641038590907,0,,
2026-04-01 02:20:00,1.15655,1.1566,1.15651,1.15651,24.0,1.1565217367919014,1.1564194417355182,0,,
2026-04-01 02:21:00,1.15651,1.15651,1.15647,1.1565,12.0,1.1565173894335212,1.1564267652141074,0,,
2026-04-01 02:22:00,1.15649,1.15651,1.15642,1.15645,17.0,1.156503911546817,1.1564288774673703,0,,
2026-04-01 02:23:00,1.15646,1.15659,1.15646,1.15659,18.0,1.1565211292374538,1.1564435249703366,0,,
2026-04-01 02:24:00,1.15661,1.15665,1.15656,1.15662,20.0,1.1565409033899632,1.1564595681548513,0,,
2026-04-01 02:25:00,1.15664,1.15664,1.1565,1.15654,20.0,1.1565407227119706,1.1564668801407738,0,,
2026-04-01 02:26:00,1.15654,1.15656,1.15643,1.15648,21.0,1.1565285781695764,1.1564680728552488,0,,
2026-04-01 02:27:00,1.15648,1.15652,1.15648,1.15649,12.0,1.156520862535661,1.1564700662320444,0,,
2026-04-01 02:28:00,1.15649,1.15653,1.15647,1.15653,20.0,1.1565226900285288,1.156475514756404,0,,
2026-04-01 02:29:00,1.15653,1.15653,1.15642,1.15646,32.0,1.1565101520228231,1.1564741043240039,0,,
2026-04-01 02:30:00,1.15646,1.15649,1.15642,1.15644,18.0,1.1564961216182585,1.1564710039309127,0,,
2026-04-01 02:31:00,1.15644,1.15646,1.15642,1.15645,21.0,1.1564868972946067,1.156469094482648,0,,
2026-04-01 02:32:00,1.15643,1.15651,1.15628,1.15651,50.0,1.1564915178356854,1.1564728131660436,0,,
2026-04-01 02:33:00,1.15649,1.15652,1.1564,1.15641,22.0,1.1564752142685484,1.1564671028782212,0,,
2026-04-01 02:34:00,1.15641,1.15649,1.15639,1.15642,30.0,1.1564641714148387,1.156462820798383,0,,
2026-04-01 02:35:00,1.15641,1.15647,1.15632,1.15636,34.0,1.1564433371318712,1.1564534734530754,-1,1.15751636,1.1540472800000001
2026-04-01 02:36:00,1.15636,1.15649,1.15636,1.15643,25.0,1.156440669705497,1.1564513395027958,0,,
2026-04-01 02:37:00,1.15644,1.15653,1.15637,1.15637,29.0,1.1564265357643975,1.1564439450025417,0,,
2026-04-01 02:38:00,1.15637,1.15652,1.15625,1.15651,37.0,1.156443228611518,1.1564499500023107,0,,
2026-04-01 02:39:00,1.15651,1.15654,1.15638,1.15639,30.0,1.1564325828892146,1.1564445000021006,0,,
2026-04-01 02:40:00,1.15639,1.15639,1.15626,1.1563,28.0,1.1564060663113718,1.1564313636382733,0,,
2026-04-01 02:41:00,1.1563,1.15651,1.15627,1.15649,30.0,1.1564228530490974,1.156436694216612,0,,
2026-04-01 02:42:00,1.15649,1.15654,1.15647,1.15653,29.0,1.156444282439278,1.1564451765605563,0,,
2026-04-01 02:43:00,1.15653,1.15664,1.15653,1.15662,26.0,1.1564794259514224,1.1564610696005055,1,1.15546338,1.15893324
2026-04-01 02:44:00,1.15662,1.15669,1.15653,1.1566,28.0,1.156503540761138,1.1564736996368232,0,,
2026-04-01 02:45:00,1.1566,1.15678,1.1566,1.15677,31.0,1.1565568326089104,1.1565006360334757,0,,
2026-04-01 02:46:00,1.15679,1.15681,1.15667,1.15667,27.0,1.1565794660871282,1.1565160327577053,0,,
2026-04-01 02:47:00,1.15668,1.15675,1.15668,1.15675,18.0,1.1566135728697027,1.1565373025070047,0,,
2026-04-01 02:48:00,1.15676,1.15676,1.15671,1.15676,8.0,1.1566428582957622,1.1565575477336405,0,,
2026-04-01 02:49:00,1.15674,1.15674,1.1567,1.1567,20.0,1.1566542866366099,1.1565704979396731,0,,
2026-04-01 02:50:00,1.1567,1.15676,1.1567,1.15674,12.0,1.156671429309288,1.1565859072178848,0,,
2026-04-01 02:51:00,1.15674,1.15685,1.15674,1.15681,24.0,1.1566991434474303,1.156606279288986,0,,
2026-04-01 02:52:00,1.15681,1.15692,1.15679,1.15685,33.0,1.1567293147579443,1.1566284357172598,0,,
2026-04-01 02:53:00,1.15685,1.15699,1.15684,1.15694,24.0,1.1567714518063554,1.1566567597429633,0,,
2026-04-01 02:54:00,1.15694,1.15698,1.15692,1.15693,24.0,1.1568031614450844,1.1566815997663304,0,,
2026-04-01 02:55:00,1.15693,1.15701,1.15689,1.15699,26.0,1.1568405291560677,1.1567096361512095,0,,
2026-04-01 02:56:00,1.15699,1.15701,1.15696,1.15701,16.0,1.1568744233248542,1.156736941955645,0,,
2026-04-01 02:57:00,1.157,1.15708,1.15693,1.15693,29.0,1.1568855386598835,1.15675449268695,0,,
2026-04-01 02:58:00,1.15694,1.15697,1.1569,1.15691,20.0,1.1568904309279069,1.1567686297154092,0,,
2026-04-01 02:59:00,1.15691,1.15695,1.1568,1.15683,20.0,1.1568783447423256,1.15677420883219,0,,
2026-04-01 03:00:00,1.15681,1.15682,1.15666,1.15667,35.0,1.1568366757938606,1.156764735301991,0,,
2026-04-01 03:01:00,1.15667,1.15678,1.15661,1.15678,39.0,1.1568253406350886,1.1567661230018098,0,,
2026-04-01 03:02:00,1.15678,1.15679,1.15665,1.15667,32.0,1.1567942725080709,1.1567573845471,0,,
2026-04-01 03:03:00,1.15668,1.1567,1.15647,1.15655,39.0,1.156745418006457,1.1567385314064544,0,,
2026-04-01 03:04:00,1.15656,1.15661,1.15651,1.15653,26.0,1.1567023344051655,1.1567195740058678,-1,1.1576865299999999,1.15421694
2026-04-01 03:05:00,1.15652,1.15654,1.15651,1.15652,13.0,1.1566658675241324,1.1567014309144252,0,,
2026-04-01 03:06:00,1.15652,1.15662,1.15652,1.15656,18.0,1.156644694019306,1.1566885735585684,0,,
2026-04-01 03:07:00,1.15656,1.15667,1.15651,1.15652,28.0,1.156619755215445,1.1566732486896076,0,,
2026-04-01 03:08:00,1.15652,1.15657,1.15645,1.15657,25.0,1.156609804172356,1.1566638624450978,0,,
2026-04-01 03:09:00,1.15657,1.15662,1.15656,1.15662,19.0,1.156611843337885,1.1566598749500887,0,,
2026-04-01 03:10:00,1.15662,1.15667,1.15661,1.15667,22.0,1.1566234746703081,1.1566607954091717,0,,
2026-04-01 03:11:00,1.15668,1.15673,1.15667,1.15669,24.0,1.1566367797362465,1.1566634503719742,0,,
2026-04-01 03:12:00,1.15668,1.15676,1.15668,1.15671,21.0,1.156651423788997,1.15666768215634,0,,
2026-04-01 03:13:00,1.15671,1.15676,1.15667,1.1567,19.0,1.1566611390311978,1.1566706201421273,0,,
2026-04-01 03:14:00,1.15671,1.15671,1.15666,1.15666,9.0,1.1566609112249584,1.156669654674661,0,,
2026-04-01 03:15:00,1.15666,1.15668,1.15646,1.15648,24.0,1.1566247289799667,1.1566524133406009,0,,
2026-04-01 03:16:00,1.15648,1.15659,1.15648,1.15659,15.0,1.1566177831839735,1.1566467394005462,0,,
2026-04-01 03:17:00,1.15659,1.15676,1.15659,1.15676,29.0,1.1566462265471789,1.1566570358186783,0,,
2026-04-01 03:18:00,1.15676,1.15676,1.15664,1.15671,27.0,1.156658981237743,1.156661850744253,0,,
2026-04-01 03:19:00,1.1567,1.15675,1.1567,1.15671,14.0,1.1566691849901944,1.1566662279493207,1,1.1555532899999998,1.1590234199999998
2026-04-01 03:20:00,1.15671,1.15672,1.15664,1.15665,10.0,1.1566653479921556,1.1566647526812006,0,,
2026-04-01 03:21:00,1.15665,1.15665,1.15658,1.15659,18.0,1.1566502783937245,1.1566579569829096,-1,1.15774659,1.15427682
2026-04-01 03:22:00,1.15659,1.15663,1.15657,1.15659,12.0,1.1566382227149796,1.1566517790753723,0,,
2026-04-01 03:23:00,1.1566,1.1566,1.15655,1.1566,13.0,1.1566305781719837,1.1566470718867021,0,,
2026-04-01 03:24:00,1.15658,1.15658,1.1565,1.15652,20.0,1.156608462537587,1.156635519897002,0,,
2026-04-01 03:25:00,1.15652,1.15655,1.15645,1.1565,22.0,1.1565867700300696,1.1566231999063654,0,,
2026-04-01 03:26:00,1.1565,1.15655,1.15649,1.15654,18.0,1.1565774160240558,1.156615636278514,0,,
2026-04-01 03:27:00,1.15653,1.15658,1.15649,1.15649,13.0,1.1565599328192446,1.156604214798649,0,,
2026-04-01 03:28:00,1.15649,1.1566,1.15647,1.15657,27.0,1.1565619462553958,1.156601104362408,0,,
2026-04-01 03:29:00,1.15657,1.15657,1.15648,1.15648,21.0,1.1565455570043166,1.1565900948749164,0,,
2026-04-01 03:30:00,1.15648,1.15654,1.15643,1.1565,24.0,1.1565364456034533,1.156581904431742,0,,
2026-04-01 03:31:00,1.1565,1.1565,1.15637,1.1564,16.0,1.1565091564827625,1.15656536766522,0,,
2026-04-01 03:32:00,1.1564,1.15641,1.15629,1.15629,29.0,1.15646532518621,1.156540334241109,0,,
2026-04-01 03:33:00,1.1563,1.15631,1.15626,1.15628,21.0,1.1564282601489682,1.1565166674919172,0,,
2026-04-01 03:34:00,1.15628,1.1563,1.15626,1.15626,17.0,1.1563946081191747,1.156493334083561,0,,
2026-04-01 03:35:00,1.15626,1.15629,1.15622,1.15622,20.0,1.1563596864953398,1.1564684855305098,0,,
2026-04-01 03:36:00,1.15623,1.15626,1.15613,1.15619,26.0,1.156325749196272,1.1564431686641,0,,
2026-04-01 03:37:00,1.1562,1.15633,1.15619,1.15626,23.0,1.1563125993570176,1.1564265169673635,0,,
2026-04-01 03:38:00,1.15626,1.15631,1.15623,1.15625,25.0,1.1563000794856142,1.1564104699703306,0,,
2026-04-01 03:39:00,1.15625,1.1563,1.15625,1.15629,10.0,1.1562980635884914,1.1563995181548459,0,,
2026-04-01 03:40:00,1.15629,1.15629,1.15622,1.15623,19.0,1.1562844508707932,1.1563841074134962,0,,
2026-04-01 03:41:00,1.15623,1.15625,1.1562,1.15625,15.0,1.1562775606966347,1.156371915830451,0,,
2026-04-01 03:42:00,1.15624,1.15626,1.15619,1.15619,12.0,1.1562600485573078,1.1563553780276827,0,,
2026-04-01 03:43:00,1.15619,1.15627,1.15619,1.15621,17.0,1.1562500388458463,1.156342161843348,0,,
2026-04-01 03:44:00,1.15621,1.15623,1.1562,1.15621,5.0,1.156242031076677,1.1563301471303165,0,,
2026-04-01 03:45:00,1.15623,1.15623,1.15618,1.15618,11.0,1.1562296248613415,1.1563164973911968,0,,
2026-04-01 03:46:00,1.15618,1.15621,1.15606,1.15606,23.0,1.1561956998890732,1.1562931794465423,0,,
2026-04-01 03:47:00,1.15606,1.1561,1.156,1.15601,29.0,1.1561585599112587,1.156267435860493,0,,
2026-04-01 03:48:00,1.15601,1.15601,1.15594,1.15598,18.0,1.156122847929007,1.1562413053277207,0,,
2026-04-01 03:49:00,1.15598,1.15606,1.15598,1.156,24.0,1.1560982783432057,1.1562193684797462,0,,
2026-04-01 03:50:00,1.15601,1.15601,1.15588,1.15588,21.0,1.1560546226745645,1.1561885167997692,0,,
2026-04-01 03:51:00,1.15588,1.15602,1.15587,1.15599,24.0,1.1560416981396515,1.1561704698179718,0,,
2026-04-01 03:52:00,1.15599,1.1561,1.15598,1.1561,22.0,1.1560533585117212,1.1561640634708834,0,,
2026-04-01 03:53:00,1.15609,1.15611,1.15605,1.1561,16.0,1.1560626868093768,1.1561582395189849,0,,
2026-04-01 03:54:00,1.15611,1.15611,1.15606,1.1561,13.0,1.1560701494475016,1.156152945017259,0,,
2026-04-01 03:55:00,1.1561,1.15616,1.1561,1.15612,12.0,1.1560801195580015,1.15614995001569,0,,
2026-04-01 03:56:00,1.1561,1.15611,1.15598,1.15604,29.0,1.1560720956464012,1.1561399545597182,0,,
2026-04-01 03:57:00,1.15604,1.15608,1.15602,1.15608,6.0,1.1560736765171211,1.1561345041451982,0,,
2026-04-01 03:58:00,1.15608,1.15609,1.15604,1.15605,22.0,1.156068941213697,1.1561268219501801,0,,
2026-04-01 03:59:00,1.15605,1.15607,1.15604,1.15605,12.0,1.1560651529709576,1.1561198381365274,0,,
2026-04-01 04:00:00,1.15604,1.15604,1.15592,1.15599,28.0,1.156050122376766,1.1561080346695702,0,,
2026-04-01 04:01:00,1.15599,1.15602,1.15595,1.15599,16.0,1.1560380979014129,1.1560973042450637,0,,
2026-04-01 04:02:00,1.15599,1.15599,1.15599,1.15599,1.0,1.1560284783211303,1.1560875493136942,0,,
2026-04-01 04:03:00,1.15599,1.15605,1.15595,1.15599,27.0,1.1560207826569044,1.1560786811942674,0,,
2026-04-01 04:04:00,1.15599,1.1561,1.15594,1.15607,24.0,1.1560306261255235,1.1560778919947885,0,,
2026-04-01 04:05:00,1.15605,1.15614,1.15603,1.15614,17.0,1.1560525009004188,1.1560835381770804,0,,
2026-04-01 04:06:00,1.15614,1.15626,1.15614,1.15622,25.0,1.156086000720335,1.1560959437973457,0,,
2026-04-01 04:07:00,1.15622,1.15624,1.15617,1.15624,12.0,1.156116800576268,1.1561090398157687,1,1.15508376,1.15855248
2026-04-01 04:08:00,1.15623,1.15623,1.1562,1.1562,9.0,1.1561334404610144,1.156117308923426,0,,
2026-04-01 04:09:00,1.15619,1.1562,1.15614,1.15615,17.0,1.1561367523688115,1.1561202808394782,0,,
2026-04-01 04:10:00,1.15614,1.15616,1.15612,1.15616,7.0,1.1561414018950493,1.156123891672253,0,,
2026-04-01 04:11:00,1.15618,1.15618,1.15613,1.15613,9.0,1.1561391215160395,1.1561244469747753,0,,
2026-04-01 04:12:00,1.15613,1.15614,1.15602,1.15602,21.0,1.1561152972128317,1.1561149517952503,0,,
2026-04-01 04:13:00,1.15601,1.15611,1.15601,1.15611,11.0,1.1561142377702653,1.1561145016320458,-1,1.15726611,1.1537977799999999
2026-04-01 04:14:00,1.15611,1.15617,1.15605,1.15605,22.0,1.1561013902162123,1.1561086378473142,0,,
2026-04-01 04:15:00,1.15605,1.1561,1.156,1.15601,18.0,1.1560831121729698,1.1560996707702855,0,,
2026-04-01 04:16:00,1.15601,1.15601,1.15593,1.15594,15.0,1.1560544897383758,1.156085155245714,0,,
2026-04-01 04:17:00,1.15594,1.15599,1.15591,1.15594,27.0,1.1560315917907007,1.1560719593142854,0,,
2026-04-01 04:18:00,1.15594,1.15598,1.15591,1.15593,21.0,1.1560112734325605,1.1560590539220776,0,,
2026-04-01 04:19:00,1.15593,1.15599,1.15593,1.15599,12.0,1.1560070187460485,1.1560527762927977,0,,
2026-04-01 04:20:00,1.15599,1.15605,1.15599,1.15603,13.0,1.156011614996839,1.156050705720725,0,,
2026-04-01 04:21:00,1.15604,1.15605,1.15599,1.15605,19.0,1.1560192919974712,1.1560506415642955,0,,
2026-04-01 04:22:00,1.15604,1.15604,1.15594,1.15603,20.0,1.156021433597977,1.1560487650584503,0,,
2026-04-01 04:23:00,1.15603,1.15613,1.15601,1.15611,17.0,1.1560391468783817,1.1560543318713186,0,,
2026-04-01 04:24:00,1.15611,1.15616,1.1561,1.15616,13.0,1.1560633175027055,1.156063938064835,0,,
2026-04-01 04:25:00,1.15616,1.15617,1.15613,1.15614,8.0,1.1560786540021644,1.1560708527862136,1,1.15498386,1.15845228
2026-04-01 04:26:00,1.15614,1.15614,1.15609,1.1561,15.0,1.1560829232017316,1.1560735025329214,0,,
2026-04-01 04:27:00,1.1561,1.15615,1.15608,1.15609,14.0,1.1560843385613855,1.1560750023026558,0,,
2026-04-01 04:28:00,1.15609,1.15611,1.15608,1.15611,11.0,1.1560894708491085,1.1560781839115053,0,,
2026-04-01 04:29:00,1.15611,1.1562,1.15611,1.15619,16.0,1.1561095766792868,1.1560883490104594,0,,
2026-04-01 04:30:00,1.15619,1.15621,1.15612,1.15612,19.0,1.1561116613434295,1.1560912263731449,0,,
2026-04-01 04:31:00,1.15612,1.15612,1.15608,1.15609,11.0,1.1561073290747437,1.156091114884677,0,,
2026-04-01 04:32:00,1.15609,1.15623,1.15607,1.15622,18.0,1.156129863259795,1.1561028317133426,0,,
2026-04-01 04:33:00,1.15622,1.15627,1.15619,1.1562,18.0,1.156143890607836,1.1561116651939476,0,,
2026-04-01 04:34:00,1.15619,1.15622,1.15616,1.15618,18.0,1.156151112486269,1.1561178774490433,0,,
2026-04-01 04:35:00,1.15618,1.15618,1.1561,1.15615,16.0,1.1561508899890152,1.1561207976809482,0,,
2026-04-01 04:36:00,1.15615,1.15617,1.15614,1.15615,13.0,1.1561507119912122,1.1561234524372255,0,,
2026-04-01 04:37:00,1.15615,1.1563,1.15615,1.15629,22.0,1.1561785695929698,1.1561385931247503,0,,
2026-04-01 04:38:00,1.15629,1.15632,1.15625,1.15631,12.0,1.156204855674376,1.1561541755679547,0,,
2026-04-01 04:39:00,1.15631,1.15631,1.15617,1.15619,22.0,1.1562018845395008,1.1561574323345043,0,,
2026-04-01 04:40:00,1.15619,1.15623,1.15615,1.15622,14.0,1.1562055076316007,1.1561631203040947,0,,
2026-04-01 04:41:00,1.15622,1.15626,1.15621,1.15624,10.0,1.1562124061052805,1.1561701093673589,0,,
2026-04-01 04:42:00,1.15624,1.15633,1.15623,1.15633,13.0,1.1562359248842244,1.156184644879417,0,,
2026-04-01 04:43:00,1.15632,1.15641,1.1563,1.1564,14.0,1.1562687399073797,1.1562042226176519,0,,
2026-04-01 04:44:00,1.1564,1.1564,1.15635,1.15638,10.0,1.1562909919259037,1.1562202023796835,0,,
2026-04-01 04:45:00,1.15638,1.15638,1.15631,1.15632,9.0,1.1562967935407231,1.1562292748906213,0,,
2026-04-01 04:46:00,1.15632,1.15639,1.1563,1.15636,16.0,1.1563094348325786,1.1562411589914738,0,,
2026-04-01 04:47:00,1.15637,1.15642,1.15636,1.15641,11.0,1.156329547866063,1.156256508174067,0,,
2026-04-01 04:48:00,1.1564,1.15644,1.15639,1.15644,9.0,1.1563516382928503,1.1562731892491518,0,,
2026-04-01 04:49:00,1.15644,1.15651,1.15641,1.15651,23.0,1.1563833106342802,1.1562947174992289,0,,
2026-04-01 04:50:00,1.15649,1.1565,1.15643,1.15647,12.0,1.1564006485074243,1.1563106522720261,0,,
2026-04-01 04:51:00,1.15647,1.15661,1.15647,1.15657,24.0,1.1564345188059395,1.1563342293382055,0,,
2026-04-01 04:52:00,1.15658,1.15659,1.15656,1.15657,11.0,1.1564616150447518,1.1563556630347323,0,,
2026-04-01 04:53:00,1.15657,1.1566,1.15655,1.15656,13.0,1.1564812920358014,1.1563742391224838,0,,
2026-04-01 04:54:00,1.15656,1.15656,1.1565,1.1565,11.0,1.1564850336286412,1.1563856719295307,0,,
2026-04-01 04:55:00,1.15649,1.15649,1.15631,1.15631,24.0,1.156450026902913,1.1563787926632096,0,,
2026-04-01 04:56:00,1.15631,1.15642,1.15631,1.15641,22.0,1.1564420215223303,1.1563816296938267,0,,
2026-04-01 04:57:00,1.15642,1.15645,1.15638,1.15645,12.0,1.1564436172178643,1.156387845176206,0,,
2026-04-01 04:58:00,1.15645,1.15649,1.15641,1.15647,33.0,1.1564488937742916,1.1563953137965508,0,,
2026-04-01 04:59:00,1.15645,1.1565,1.15644,1.15649,17.0,1.1564571150194334,1.156403921633228,0,,
2026-04-01 05:00:00,1.15651,1.15656,1.15644,1.15645,36.0,1.1564556920155469,1.1564081105756618,0,,
2026-04-01 05:01:00,1.15645,1.15659,1.15645,1.15659,18.0,1.1564825536124377,1.1564246459778744,0,,
2026-04-01 05:02:00,1.1566,1.15662,1.15655,1.15656,15.0,1.1564980428899503,1.1564369508889767,0,,
2026-04-01 05:03:00,1.15654,1.15657,1.15647,1.15657,15.0,1.1565124343119604,1.156449046262706,0,,
2026-04-01 05:04:00,1.15656,1.15656,1.15644,1.15646,26.0,1.1565019474495684,1.1564500420570054,0,,
2026-04-01 05:05:00,1.15647,1.15657,1.15644,1.15656,23.0,1.1565135579596548,1.1564600382336412,0,,
2026-04-01 05:06:00,1.15653,1.15655,1.15649,1.15654,25.0,1.1565188463677238,1.1564673074851284,0,,
2026-04-01 05:07:00,1.15654,1.15658,1.1565,1.15657,23.0,1.1565290770941792,1.1564766431682985,0,,
2026-04-01 05:08:00,1.15656,1.15656,1.15648,1.1565,11.0,1.1565232616753434,1.156478766516635,0,,
2026-04-01 05:09:00,1.1565,1.15677,1.1565,1.15671,46.0,1.1565606093402747,1.1564997877423953,0,,
2026-04-01 05:10:00,1.15671,1.15671,1.15661,1.15666,36.0,1.1565804874722199,1.1565143524930865,0,,
2026-04-01 05:11:00,1.15666,1.15666,1.1566,1.1566,28.0,1.156584389977776,1.1565221386300788,0,,
2026-04-01 05:12:00,1.15659,1.15671,1.15653,1.15671,23.0,1.1566095119822208,1.1565392169364352,0,,
2026-04-01 05:13:00,1.15672,1.15672,1.15665,1.15669,23.0,1.1566256095857768,1.1565529244876682,0,,
2026-04-01 05:14:00,1.15669,1.15672,1.1566,1.1566,24.0,1.1566204876686215,1.1565572040796985,0,,
2026-04-01 05:15:00,1.1566,1.15662,1.15653,1.15658,30.0,1.1566123901348973,1.1565592764360897,0,,
2026-04-01 05:16:00,1.15658,1.15665,1.15655,1.15661,30.0,1.156611912107918,1.1565638876691724,0,,
2026-04-01 05:17:00,1.15661,1.15667,1.1566,1.15667,17.0,1.1566235296863345,1.1565735342447023,0,,
2026-04-01 05:18:00,1.15668,1.15674,1.15666,1.15669,26.0,1.1566368237490676,1.1565841220406383,0,,
2026-04-01 05:19:00,1.15671,1.15672,1.15668,1.1567,16.0,1.1566494589992542,1.1565946564005802,0,,
2026-04-01 05:20:00,1.1567,1.1567,1.15658,1.15659,20.0,1.1566375671994034,1.1565942330914365,0,,
2026-04-01 05:21:00,1.15659,1.15662,1.15655,1.1566,16.0,1.1566300537595227,1.1565947573558515,0,,
2026-04-01 05:22:00,1.1566,1.15666,1.1566,1.15665,12.0,1.156634043007618,1.1565997794144105,0,,
2026-04-01 05:23:00,1.15665,1.15666,1.15661,1.15666,12.0,1.1566392344060945,1.1566052540131004,0,,
2026-04-01 05:24:00,1.15666,1.15692,1.15665,1.15692,33.0,1.1566953875248756,1.1566338672846366,0,,
2026-04-01 05:25:00,1.15693,1.15715,1.15689,1.15715,42.0,1.1567863100199005,1.1566807884405788,0,,
2026-04-01 05:26:00,1.15713,1.1572,1.15703,1.15712,52.0,1.1568530480159205,1.1567207167641624,0,,
2026-04-01 05:27:00,1.15711,1.15715,1.157,1.15701,26.0,1.1568844384127366,1.1567470152401476,0,,
2026-04-01 05:28:00,1.157,1.15719,1.157,1.15718,30.0,1.1569435507301893,1.1567863774910432,0,,
2026-04-01 05:29:00,1.15718,1.15724,1.15714,1.15724,35.0,1.1570028405841515,1.1568276159009483,0,,
2026-04-01 05:30:00,1.15726,1.15737,1.15725,1.15726,38.0,1.1570542724673212,1.1568669235463167,0,,
2026-04-01 05:31:00,1.15728,1.15734,1.15723,1.1573,26.0,1.157103417973857,1.156906294133015,0,,
2026-04-01 05:32:00,1.1573,1.15736,1.15727,1.1573,39.0,1.1571427343790857,1.1569420855754682,0,,
2026-04-01 05:33:00,1.15729,1.15736,1.15729,1.1573,31.0,1.1571741875032686,1.1569746232504254,0,,
2026-04-01 05:34:00,1.15729,1.1573,1.15724,1.15726,32.0,1.157191350002615,1.157000566591296,0,,
2026-04-01 05:35:00,1.15726,1.15735,1.15723,1.15728,34.0,1.157209080002092,1.1570259696284508,0,,
2026-04-01 05:36:00,1.15729,1.15729,1.15715,1.15723,32.0,1.1572132640016737,1.157044517844046,0,,
2026-04-01 05:37:00,1.15724,1.15734,1.1572,1.15731,32.0,1.157232611201339,1.1570686525854963,0,,
2026-04-01 05:38:00,1.15731,1.15736,1.15727,1.15735,22.0,1.1572560889610712,1.1570942296231785,0,,
2026-04-01 05:39:00,1.15735,1.15745,1.15735,1.15742,31.0,1.157288871168857,1.1571238451119805,0,,
2026-04-01 05:40:00,1.15742,1.1575,1.15741,1.15742,31.0,1.1573150969350856,1.1571507682836186,0,,
2026-04-01 05:41:00,1.15742,1.15744,1.15739,1.15739,26.0,1.1573300775480686,1.1571725166214715,0,,
2026-04-01 05:42:00,1.15738,1.15744,1.15735,1.1574,22.0,1.157344062038455,1.1571931969286104,0,,
2026-04-01 05:43:00,1.1574,1.15742,1.15739,1.1574,10.0,1.157355249630764,1.1572119972078276,0,,
2026-04-01 05:44:00,1.1574,1.15759,1.1574,1.15755,38.0,1.1573941997046113,1.1572427247343886,0,,
2026-04-01 05:45:00,1.15756,1.1576,1.15754,1.15754,20.0,1.1574233597636892,1.1572697497585351,0,,
2026-04-01 05:46:00,1.15754,1.15755,1.15742,1.15743,18.0,1.1574246878109513,1.1572843179623047,0,,
2026-04-01 05:47:00,1.15743,1.15751,1.15738,1.15751,17.0,1.157441750248761,1.157304834511186,0,,
2026-04-01 05:48:00,1.15751,1.15755,1.15747,1.15749,16.0,1.1574514001990088,1.1573216677374418,0,,
2026-04-01 05:49:00,1.15749,1.1576,1.15749,1.15755,39.0,1.1574711201592072,1.1573424252158562,0,,
2026-04-01 05:50:00,1.15756,1.15756,1.15744,1.15746,24.0,1.1574688961273658,1.1573531138325963,0,,
2026-04-01 05:51:00,1.15747,1.15752,1.15738,1.15739,29.0,1.1574531169018927,1.157356467120542,0,,
2026-04-01 05:52:00,1.15739,1.15743,1.15732,1.15743,24.0,1.1574484935215141,1.1573631519277654,0,,
2026-04-01 05:53:00,1.15742,1.15742,1.15727,1.15733,23.0,1.1574247948172114,1.1573601381161505,0,,
2026-04-01 05:54:00,1.15733,1.15734,1.15724,1.15724,31.0,1.1573878358537693,1.1573492164692276,0,,
2026-04-01 05:55:00,1.15728,1.15732,1.1572,1.15724,38.0,1.1573582686830155,1.1573392876992978,0,,
2026-04-01 05:56:00,1.15725,1.15729,1.15721,1.15725,27.0,1.1573366149464124,1.1573311706357252,0,,
2026-04-01 05:57:00,1.15724,1.15726,1.15701,1.15716,64.0,1.15730129195713,1.157315609668841,-1,1.1583171599999997,1.15484568
2026-04-01 05:58:00,1.15716,1.15719,1.15694,1.15696,69.0,1.157233033565704,1.1572832815171281,0,,
2026-04-01 05:59:00,1.15697,1.157,1.15676,1.15676,44.0,1.1571384268525633,1.1572357104701163,0,,
2026-04-01 06:00:00,1.15676,1.15706,1.15676,1.1568,151.0,1.1570707414820507,1.1571961004273783,0,,
2026-04-01 06:01:00,1.15678,1.15697,1.1567,1.15681,78.0,1.1570185931856407,1.1571610003885255,0,,
2026-04-01 06:02:00,1.15681,1.15686,1.15663,1.15677,65.0,1.1569688745485127,1.1571254548986596,0,,
2026-04-01 06:03:00,1.15678,1.15682,1.15663,1.15665,54.0,1.1569050996388102,1.1570822317260543,0,,
2026-04-01 06:04:00,1.15665,1.15669,1.15649,1.15649,39.0,1.1568220797110482,1.1570283924782312,0,,
2026-04-01 06:05:00,1.15651,1.15653,1.15618,1.15626,100.0,1.1567096637688388,1.1569585386165737,0,,
2026-04-01 06:06:00,1.15628,1.1565,1.15624,1.15647,86.0,1.156661731015071,1.156914126015067,0,,
2026-04-01 06:07:00,1.15649,1.15655,1.15627,1.15631,92.0,1.156591384812057,1.1568592054682427,0,,
2026-04-01 06:08:00,1.15629,1.15651,1.15629,1.15648,51.0,1.1565691078496456,1.156824732243857,0,,
2026-04-01 06:09:00,1.15648,1.15661,1.15639,1.1565,43.0,1.1565552862797166,1.1567952111307789,0,,
2026-04-01 06:10:00,1.15649,1.15671,1.15649,1.15666,55.0,1.1565762290237733,1.156782919209799,0,,
2026-04-01 06:11:00,1.15666,1.15675,1.15659,1.15661,54.0,1.1565829832190186,1.1567671992816353,0,,
2026-04-01 06:12:00,1.15663,1.15674,1.15655,1.15673,80.0,1.156612386575215,1.1567638175287593,0,,
2026-04-01 06:13:00,1.15673,1.1568,1.15667,1.15679,64.0,1.156647909260172,1.1567661977534176,0,,
2026-04-01 06:14:00,1.15679,1.15686,1.15662,1.15663,50.0,1.1566443274081377,1.1567538161394706,0,,
2026-04-01 06:15:00,1.15663,1.157,1.15662,1.157,53.0,1.1567154619265103,1.156776196490428,0,,
2026-04-01 06:16:00,1.15697,1.15697,1.15672,1.15673,56.0,1.1567183695412082,1.1567719968094798,0,,
2026-04-01 06:17:00,1.15675,1.15688,1.15675,1.15686,45.0,1.1567466956329666,1.1567799970995272,0,,
2026-04-01 06:18:00,1.15686,1.15686,1.15659,1.15674,66.0,1.1567453565063734,1.1567763609995703,0,,
2026-04-01 06:19:00,1.15674,1.15697,1.15674,1.15693,61.0,1.1567822852050988,1.1567903281814276,0,,
2026-04-01 06:20:00,1.15694,1.15698,1.1568,1.15692,67.0,1.156809828164079,1.1568021165285705,1,1.15576308,1.15923384
2026-04-01 06:21:00,1.15692,1.15759,1.15692,1.15744,118.0,1.1569358625312633,1.1568601059350638,0,,
2026-04-01 06:22:00,1.15742,1.15747,1.15727,1.15742,66.0,1.1570326900250107,1.1569110053955127,0,,
2026-04-01 06:23:00,1.15742,1.15763,1.15739,1.15762,81.0,1.1571501520200087,1.156975459450466,0,,
2026-04-01 06:24:00,1.15761,1.15784,1.1576,1.15784,55.0,1.157288121616007,1.1570540540458782,0,,
2026-04-01 06:25:00,1.15783,1.15812,1.15771,1.15798,122.0,1.1574264972928057,1.1571382309507985,0,,
2026-04-01 06:26:00,1.15797,1.15854,1.15797,1.15838,101.0,1.1576171978342447,1.1572511190461805,0,,
2026-04-01 06:27:00,1.15838,1.15884,1.15838,1.15856,114.0,1.1578057582673957,1.1573701082238004,0,,
2026-04-01 06:28:00,1.15856,1.15892,1.15856,1.15874,81.0,1.1579926066139166,1.1574946438398184,0,,
2026-04-01 06:29:00,1.15875,1.1589,1.15859,1.15864,100.0,1.1581220852911334,1.1575987671271075,0,,
2026-04-01 06:30:00,1.15863,1.15893,1.15862,1.15878,95.0,1.1582536682329068,1.1577061519337342,0,,
2026-04-01 06:31:00,1.15877,1.1592,1.15877,1.1592,90.0,1.1584429345863254,1.1578419563033948,0,,
2026-04-01 06:32:00,1.15919,1.15925,1.15892,1.15896,94.0,1.1585463476690605,1.1579435966394498,0,,
2026-04-01 06:33:00,1.15896,1.15914,1.15877,1.1588,121.0,1.1585970781352484,1.158021451490409,0,,
2026-04-01 06:34:00,1.15879,1.15892,1.15872,1.15872,83.0,1.1586216625081986,1.1580849559003719,0,,
2026-04-01 06:35:00,1.15873,1.15876,1.15837,1.1584,85.0,1.158577330006559,1.1581135962730653,0,,
2026-04-01 06:36:00,1.15839,1.15854,1.15827,1.15849,128.0,1.1585598640052472,1.1581478147936957,0,,
2026-04-01 06:37:00,1.15848,1.15857,1.15832,1.15854,91.0,1.1585558912041978,1.1581834679942686,0,,
2026-04-01 06:38:00,1.15854,1.15869,1.15832,1.15834,79.0,1.1585127129633581,1.1581976981766078,0,,
2026-04-01 06:39:00,1.15833,1.15834,1.15803,1.15806,97.0,1.1584221703706867,1.1581851801605525,0,,
2026-04-01 06:40:00,1.15808,1.15827,1.1579,1.15823,111.0,1.1583837362965494,1.1581892546914112,0,,
2026-04-01 06:41:00,1.15825,1.15853,1.15813,1.15852,94.0,1.1584109890372396,1.1582193224467374,0,,
2026-04-01 06:42:00,1.15851,1.15865,1.15849,1.15862,86.0,1.1584527912297917,1.1582557476788522,0,,
2026-04-01 06:43:00,1.1586,1.15869,1.15851,1.15864,76.0,1.1584902329838334,1.1582906797080474,0,,
2026-04-01 06:44:00,1.15861,1.15875,1.15858,1.15868,110.0,1.1585281863870667,1.1583260724618611,0,,
2026-04-01 06:45:00,1.1587,1.15894,1.15849,1.15872,132.0,1.1585665491096533,1.1583618840562373,0,,
2026-04-01 06:46:00,1.1587,1.15878,1.15852,1.15862,102.0,1.1585772392877227,1.158385349142034,0,,
2026-04-01 06:47:00,1.15861,1.1589,1.15858,1.1588,107.0,1.1586217914301782,1.1584230446745765,0,,
2026-04-01 06:48:00,1.1588,1.1589,1.1587,1.1588,129.0,1.1586574331441426,1.158457313340524,0,,
2026-04-01 06:49:00,1.15881,1.15881,1.15832,1.15838,89.0,1.1586019465153141,1.158450284855022,0,,
2026-04-01 06:50:00,1.15839,1.15848,1.15799,1.15807,109.0,1.1584955572122513,1.1584157135045654,0,,
2026-04-01 06:51:00,1.15809,1.15823,1.15806,1.15818,71.0,1.158432445769801,1.1583942850041502,0,,
2026-04-01 06:52:00,1.15817,1.15833,1.15814,1.15833,58.0,1.1584119566158408,1.158388440912864,0,,
2026-04-01 06:53:00,1.15833,1.15865,1.15831,1.15862,85.0,1.1584535652926726,1.1584094917389671,0,,
2026-04-01 06:54:00,1.1586,1.15877,1.15855,1.15858,92.0,1.158478852234138,1.15842499248997,0,,
2026-04-01 06:55:00,1.15861,1.15864,1.15859,1.15863,9.0,1.1585090817873105,1.1584436295363363,0,,
2026-04-01 07:05:00,1.15872,1.15878,1.15864,1.15865,31.0,1.1585372654298485,1.1584623904875784,0,,
2026-04-01 07:06:00,1.15866,1.15872,1.15845,1.15846,78.0,1.1585218123438787,1.1584621731705258,0,,
2026-04-01 07:07:00,1.15844,1.15851,1.1583,1.15832,86.0,1.158481449875103,1.1584492483368416,0,,
2026-04-01 07:08:00,1.15832,1.15883,1.15828,1.1586,100.0,1.1585051599000824,1.1584629530334922,0,,
2026-04-01 07:09:00,1.1586,1.15864,1.15836,1.1586,82.0,1.158524127920066,1.1584754118486293,0,,
2026-04-01 07:10:00,1.15861,1.1587,1.15833,1.15833,81.0,1.1584853023360528,1.1584621925896632,0,,
